Workbook

Sheet Summary
A1: ASPICE Review Checklist: Overview
A2: Project / System:
A3: Review scope / baseline:
A5: Process | B5: Name | C5: Checks | D5: Pass | E5: Fail | F5: Open | G5: N/A | H5: Not yet rated | I5: Pass rate (excl. N/A)
A6: SYS.1 | B6: Requirements Elicitation | C6: =COUNTIF('SYS.1'!$A$6:$A$12,"*.*") -> 7 | D6: =COUNTIF('SYS.1'!$C$6:$C$12,"Pass") -> 0 | E6: =COUNTIF('SYS.1'!$C$6:$C$12,"Fail") -> 0 | F6: =COUNTIF('SYS.1'!$C$6:$C$12,"Open") -> 0 | G6: =COUNTIF('SYS.1'!$C$6:$C$12,"N/A") -> 0 | H6: =C6-SUM(D6:G6) -> 7 | I6: =IF(C6-G6=0,"-",D6/(C6-G6)) -> 0
A7: SYS.2 | B7: System Requirements Analysis | C7: =COUNTIF('SYS.2'!$A$6:$A$46,"*.*") -> 34 | D7: =COUNTIF('SYS.2'!$C$6:$C$46,"Pass") -> 0 | E7: =COUNTIF('SYS.2'!$C$6:$C$46,"Fail") -> 0 | F7: =COUNTIF('SYS.2'!$C$6:$C$46,"Open") -> 0 | G7: =COUNTIF('SYS.2'!$C$6:$C$46,"N/A") -> 0 | H7: =C7-SUM(D7:G7) -> 34 | I7: =IF(C7-G7=0,"-",D7/(C7-G7)) -> 0
A8: SYS.3 | B8: System Architectural Design | C8: =COUNTIF('SYS.3'!$A$6:$A$15,"*.*") -> 10 | D8: =COUNTIF('SYS.3'!$C$6:$C$15,"Pass") -> 0 | E8: =COUNTIF('SYS.3'!$C$6:$C$15,"Fail") -> 0 | F8: =COUNTIF('SYS.3'!$C$6:$C$15,"Open") -> 0 | G8: =COUNTIF('SYS.3'!$C$6:$C$15,"N/A") -> 0 | H8: =C8-SUM(D8:G8) -> 10 | I8: =IF(C8-G8=0,"-",D8/(C8-G8)) -> 0
A9: SYS.4 | B9: System Integration and Integration Test | C9: =COUNTIF('SYS.4'!$A$6:$A$15,"*.*") -> 10 | D9: =COUNTIF('SYS.4'!$C$6:$C$15,"Pass") -> 0 | E9: =COUNTIF('SYS.4'!$C$6:$C$15,"Fail") -> 0 | F9: =COUNTIF('SYS.4'!$C$6:$C$15,"Open") -> 0 | G9: =COUNTIF('SYS.4'!$C$6:$C$15,"N/A") -> 0 | H9: =C9-SUM(D9:G9) -> 10 | I9: =IF(C9-G9=0,"-",D9/(C9-G9)) -> 0
A10: SYS.5 | B10: System Qualification Test | C10: =COUNTIF('SYS.5'!$A$6:$A$14,"*.*") -> 9 | D10: =COUNTIF('SYS.5'!$C$6:$C$14,"Pass") -> 0 | E10: =COUNTIF('SYS.5'!$C$6:$C$14,"Fail") -> 0 | F10: =COUNTIF('SYS.5'!$C$6:$C$14,"Open") -> 0 | G10: =COUNTIF('SYS.5'!$C$6:$C$14,"N/A") -> 0 | H10: =C10-SUM(D10:G10) -> 9 | I10: =IF(C10-G10=0,"-",D10/(C10-G10)) -> 0
A11: SWE.1 | B11: Software Requirements Analysis | C11: =COUNTIF('SWE.1'!$A$6:$A$15,"*.*") -> 10 | D11: =COUNTIF('SWE.1'!$C$6:$C$15,"Pass") -> 0 | E11: =COUNTIF('SWE.1'!$C$6:$C$15,"Fail") -> 0 | F11: =COUNTIF('SWE.1'!$C$6:$C$15,"Open") -> 0 | G11: =COUNTIF('SWE.1'!$C$6:$C$15,"N/A") -> 0 | H11: =C11-SUM(D11:G11) -> 10 | I11: =IF(C11-G11=0,"-",D11/(C11-G11)) -> 0
A12: SWE.2 | B12: Software Architectural Design | C12: =COUNTIF('SWE.2'!$A$6:$A$15,"*.*") -> 10 | D12: =COUNTIF('SWE.2'!$C$6:$C$15,"Pass") -> 0 | E12: =COUNTIF('SWE.2'!$C$6:$C$15,"Fail") -> 0 | F12: =COUNTIF('SWE.2'!$C$6:$C$15,"Open") -> 0 | G12: =COUNTIF('SWE.2'!$C$6:$C$15,"N/A") -> 0 | H12: =C12-SUM(D12:G12) -> 10 | I12: =IF(C12-G12=0,"-",D12/(C12-G12)) -> 0
A13: SWE.3 | B13: Software Detailed Design and Unit Construction | C13: =COUNTIF('SWE.3'!$A$6:$A$14,"*.*") -> 9 | D13: =COUNTIF('SWE.3'!$C$6:$C$14,"Pass") -> 0 | E13: =COUNTIF('SWE.3'!$C$6:$C$14,"Fail") -> 0 | F13: =COUNTIF('SWE.3'!$C$6:$C$14,"Open") -> 0 | G13: =COUNTIF('SWE.3'!$C$6:$C$14,"N/A") -> 0 | H13: =C13-SUM(D13:G13) -> 9 | I13: =IF(C13-G13=0,"-",D13/(C13-G13)) -> 0
A14: SWE.4 | B14: Software Unit Verification | C14: =COUNTIF('SWE.4'!$A$6:$A$13,"*.*") -> 8 | D14: =COUNTIF('SWE.4'!$C$6:$C$13,"Pass") -> 0 | E14: =COUNTIF('SWE.4'!$C$6:$C$13,"Fail") -> 0 | F14: =COUNTIF('SWE.4'!$C$6:$C$13,"Open") -> 0 | G14: =COUNTIF('SWE.4'!$C$6:$C$13,"N/A") -> 0 | H14: =C14-SUM(D14:G14) -> 8 | I14: =IF(C14-G14=0,"-",D14/(C14-G14)) -> 0
A15: SWE.5 | B15: Software Integration and Integration Test | C15: =COUNTIF('SWE.5'!$A$6:$A$14,"*.*") -> 9 | D15: =COUNTIF('SWE.5'!$C$6:$C$14,"Pass") -> 0 | E15: =COUNTIF('SWE.5'!$C$6:$C$14,"Fail") -> 0 | F15: =COUNTIF('SWE.5'!$C$6:$C$14,"Open") -> 0 | G15: =COUNTIF('SWE.5'!$C$6:$C$14,"N/A") -> 0 | H15: =C15-SUM(D15:G15) -> 9 | I15: =IF(C15-G15=0,"-",D15/(C15-G15)) -> 0
A16: SWE.6 | B16: Software Qualification Test | C16: =COUNTIF('SWE.6'!$A$6:$A$14,"*.*") -> 9 | D16: =COUNTIF('SWE.6'!$C$6:$C$14,"Pass") -> 0 | E16: =COUNTIF('SWE.6'!$C$6:$C$14,"Fail") -> 0 | F16: =COUNTIF('SWE.6'!$C$6:$C$14,"Open") -> 0 | G16: =COUNTIF('SWE.6'!$C$6:$C$14,"N/A") -> 0 | H16: =C16-SUM(D16:G16) -> 9 | I16: =IF(C16-G16=0,"-",D16/(C16-G16)) -> 0
A17: SUP.1 | B17: Quality Assurance | C17: =COUNTIF('SUP.1'!$A$6:$A$13,"*.*") -> 8 | D17: =COUNTIF('SUP.1'!$C$6:$C$13,"Pass") -> 0 | E17: =COUNTIF('SUP.1'!$C$6:$C$13,"Fail") -> 0 | F17: =COUNTIF('SUP.1'!$C$6:$C$13,"Open") -> 0 | G17: =COUNTIF('SUP.1'!$C$6:$C$13,"N/A") -> 0 | H17: =C17-SUM(D17:G17) -> 8 | I17: =IF(C17-G17=0,"-",D17/(C17-G17)) -> 0
A18: SUP.8 | B18: Configuration Management | C18: =COUNTIF('SUP.8'!$A$6:$A$13,"*.*") -> 8 | D18: =COUNTIF('SUP.8'!$C$6:$C$13,"Pass") -> 0 | E18: =COUNTIF('SUP.8'!$C$6:$C$13,"Fail") -> 0 | F18: =COUNTIF('SUP.8'!$C$6:$C$13,"Open") -> 0 | G18: =COUNTIF('SUP.8'!$C$6:$C$13,"N/A") -> 0 | H18: =C18-SUM(D18:G18) -> 8 | I18: =IF(C18-G18=0,"-",D18/(C18-G18)) -> 0
A19: SUP.9 | B19: Problem Resolution Management | C19: =COUNTIF('SUP.9'!$A$6:$A$14,"*.*") -> 9 | D19: =COUNTIF('SUP.9'!$C$6:$C$14,"Pass") -> 0 | E19: =COUNTIF('SUP.9'!$C$6:$C$14,"Fail") -> 0 | F19: =COUNTIF('SUP.9'!$C$6:$C$14,"Open") -> 0 | G19: =COUNTIF('SUP.9'!$C$6:$C$14,"N/A") -> 0 | H19: =C19-SUM(D19:G19) -> 9 | I19: =IF(C19-G19=0,"-",D19/(C19-G19)) -> 0
A20: SUP.10 | B20: Change Request Management | C20: =COUNTIF('SUP.10'!$A$6:$A$12,"*.*") -> 7 | D20: =COUNTIF('SUP.10'!$C$6:$C$12,"Pass") -> 0 | E20: =COUNTIF('SUP.10'!$C$6:$C$12,"Fail") -> 0 | F20: =COUNTIF('SUP.10'!$C$6:$C$12,"Open") -> 0 | G20: =COUNTIF('SUP.10'!$C$6:$C$12,"N/A") -> 0 | H20: =C20-SUM(D20:G20) -> 7 | I20: =IF(C20-G20=0,"-",D20/(C20-G20)) -> 0
A21: MAN.3 | B21: Project Management | C21: =COUNTIF('MAN.3'!$A$6:$A$16,"*.*") -> 11 | D21: =COUNTIF('MAN.3'!$C$6:$C$16,"Pass") -> 0 | E21: =COUNTIF('MAN.3'!$C$6:$C$16,"Fail") -> 0 | F21: =COUNTIF('MAN.3'!$C$6:$C$16,"Open") -> 0 | G21: =COUNTIF('MAN.3'!$C$6:$C$16,"N/A") -> 0 | H21: =C21-SUM(D21:G21) -> 11 | I21: =IF(C21-G21=0,"-",D21/(C21-G21)) -> 0
A22: ACQ.4 | B22: Supplier Monitoring | C22: =COUNTIF('ACQ.4'!$A$6:$A$12,"*.*") -> 7 | D22: =COUNTIF('ACQ.4'!$C$6:$C$12,"Pass") -> 0 | E22: =COUNTIF('ACQ.4'!$C$6:$C$12,"Fail") -> 0 | F22: =COUNTIF('ACQ.4'!$C$6:$C$12,"Open") -> 0 | G22: =COUNTIF('ACQ.4'!$C$6:$C$12,"N/A") -> 0 | H22: =C22-SUM(D22:G22) -> 7 | I22: =IF(C22-G22=0,"-",D22/(C22-G22)) -> 0
A23: GP 2.x | B23: Generic Practices CL2 (apply per process) | C23: =COUNTIF(GP2!$A$6:$A$16,"*.*") -> 11 | D23: =COUNTIF(GP2!$C$6:$C$16,"Pass") -> 0 | E23: =COUNTIF(GP2!$C$6:$C$16,"Fail") -> 0 | F23: =COUNTIF(GP2!$C$6:$C$16,"Open") -> 0 | G23: =COUNTIF(GP2!$C$6:$C$16,"N/A") -> 0 | H23: =C23-SUM(D23:G23) -> 11 | I23: =IF(C23-G23=0,"-",D23/(C23-G23)) -> 0
A24: Total | C24: =SUM(C6:C23) -> 186 | D24: =SUM(D6:D23) -> 0 | E24: =SUM(E6:E23) -> 0 | F24: =SUM(F6:F23) -> 0 | G24: =SUM(G6:G23) -> 0 | H24: =SUM(H6:H23) -> 186 | I24: =IF(C24-G24=0,"-",D24/(C24-G24)) -> 0
A26: Suggested verdict | B26: =IF(H24>0,"Incomplete: unrated checks remain",IF(E24>0,"Findings: rework needed",IF(F24>0,"Open items remain","No findings"))) -> Incomplete: unrated checks remain
A27: Verdict is derived from the counts only; the review/assessment team decides.

Sheet Legend
A1: How to use this workbook
A3: One sheet per process. Edit only the cream-colored cells (reviewer/date, Result to Evidence).
A4: Result: Pass = practice is fulfilled and evidenced; Fail = finding, rework needed; Open = needs clarification or evidence; N/A = not applicable (justify in Comment).
A5: Severity (for Fail/Open): Critical = blocks baseline/release; Major = fix before baseline; Minor = fix when convenient; Info = observation.
A6: The 'Summary' sheet updates automatically from the Result columns; click a process name there to jump to its sheet.
A7: Scope: processes in the VDA/Automotive SPICE scope (SYS.2-5, SWE.1-6, SUP.1, 8, 9, 10, MAN.3, ACQ.4) plus SYS.1 and the CL2 generic practices.
A8: Wording is based on ASPICE PAM 3.1 base practices. PAM 4.0 renames and restructures several processes (e.g. adds HWE, MLE, changes SWE.3/SWE.4 wording); adapt before using in a 4.0 assessment.
A9: Checks are review aids derived from the base practices, not the official assessment indicators. Add project- or customer-specific criteria as needed.
A11: Example row (how a finding should look)
A12: ID | B12: Check | C12: Result | D12: Severity | E12: Comment / Finding | F12: Owner | G12: Due date | H12: Evidence / Work product
A13: SWE.4.05 | B13: Coverage gaps justified or closed; test environment and tool qualification documented | C13: Fail | D13: Major | E13: Branch coverage 82% vs. 100% target; no justification for uncovered branches in Module X. | F13: M. Mahal | G13: 2026-10-30 | H13: Coverage report v1.3

Sheet SYS.1
A1: SYS.1 Requirements Elicitation
A2: Reviewer: | D2: Date:
A5: ID | B5: Check | C5: Result | D5: Severity | E5: Comment / Finding | F5: Owner | G5: Due date | H5: Evidence / Work product
A6: SYS.1.01 | B6: Stakeholder expectations and requests obtained and documented, incl. their source
A7: SYS.1.02 | B7: Stakeholder requirements understood: ambiguities clarified, conflicts and priorities resolved
A8: SYS.1.03 | B8: Requirements agreed with stakeholders/customer and the agreement is documented
A9: SYS.1.04 | B9: Stakeholder requirements baseline established
A10: SYS.1.05 | B10: Changes to stakeholder requirements managed (impact analyzed, communicated, baselined)
A11: SYS.1.06 | B11: Customer-supplier query and communication mechanism defined and used
A12: SYS.1.07 | B12: Cybersecurity, safety, regulatory, and legal expectations captured where applicable

Sheet SYS.2
A1: SYS.2 System Requirements Analysis
A2: Reviewer: | D2: Date:
A5: ID | B5: Check | C5: Result | D5: Severity | E5: Comment / Finding | F5: Owner | G5: Due date | H5: Evidence / Work product
A6: 1 | B6: Quality of each requirement
A7: 1.1 | B7: Atomic: one requirement, one statement (no "and/or" bundling)
A8: 1.2 | B8: Unambiguous: no vague terms ("fast", "appropriate", "etc.", "as required")
A9: 1.3 | B9: Consistent modal verbs ("shall" mandatory, "should" optional)
A10: 1.4 | B10: Written as solution-free "what", not a design "how"
A11: 1.5 | B11: Measurable and testable, with values, units, tolerances, and conditions
A12: 1.6 | B12: Unique ID and clear owner or status
A13: 1.7 | B13: Rationale or source documented where not obvious
A14: 2 | B14: Completeness and structure
A15: 2.1 | B15: Functional requirements covered (normal behavior, modes, states, transitions)
A16: 2.2 | B16: Non-functional requirements covered (performance, timing, resource limits, reliability, diagnostics)
A17: 2.3 | B17: Error handling and degraded behavior specified
... A46: 7.3 | B46: Variant and configuration dependencies clearly marked

Sheet SYS.3
A1: SYS.3 System Architectural Design
A2: Reviewer: | D2: Date:
A5: ID | B5: Check | C5: Result | D5: Severity | E5: Comment / Finding | F5: Owner | G5: Due date | H5: Evidence / Work product
A6: SYS.3.01 | B6: System architecture defined: system elements, their properties, and decomposition documented
A7: SYS.3.02 | B7: All system requirements allocated to system elements
A8: SYS.3.03 | B8: Interfaces between system elements defined (signals, protocols, timing, electrical/mechanical)
A9: SYS.3.04 | B9: Dynamic behavior described (states, modes, interaction and sequences between elements)
A10: SYS.3.05 | B10: Alternative architectures evaluated against defined criteria (cost, feasibility, risks, reuse); decision documented
A11: SYS.3.06 | B11: Bidirectional traceability: system requirements <-> system architecture elements
A12: SYS.3.07 | B12: Architecture is consistent with system requirements (no gaps, no unallocated or orphan elements)
A13: SYS.3.08 | B13: Safety and cybersecurity architecture aspects (e.g. ISO 26262, ISO/SAE 21434) considered and consistent
A14: SYS.3.09 | B14: Architecture agreed with and communicated to all affected parties
A15: SYS.3.10 | B15: Architecture work products under change and configuration control

Sheet SYS.4
A1: SYS.4 System Integration and Integration Test
A2: Reviewer: | D2: Date:
A5: ID | B5: Check | C5: Result | D5: Severity | E5: Comment / Finding | F5: Owner | G5: Due date | H5: Evidence / Work product
A6: SYS.4.01 | B6: System integration strategy defined (integration sequence, element dependencies, environment)
A7: SYS.4.02 | B7: Integration test strategy defined incl. regression strategy and test-case selection criteria
A8: SYS.4.03 | B8: Integration test specification developed: test cases with inputs, expected results, pass/fail criteria
A9: SYS.4.04 | B9: Test cases cover system architecture interfaces and dynamic behavior
A10: SYS.4.05 | B10: System elements integrated in line with the integration strategy
A11: SYS.4.06 | B11: Test cases selected per strategy and test environment is documented
A12: SYS.4.07 | B12: Integration tests performed and results recorded (incl. deviations and failures)
A13: SYS.4.08 | B13: Bidirectional traceability: architecture elements <-> test cases <-> test results
A14: SYS.4.09 | B14: Consistency between architecture and integration test specification verified
A15: SYS.4.10 | B15: Test results summarized and communicated to affected parties; failures raised as problems (SUP.9)

Sheet SYS.5
A1: SYS.5 System Qualification Test
A2: Reviewer: | D2: Date:
A5: ID | B5: Check | C5: Result | D5: Severity | E5: Comment / Finding | F5: Owner | G5: Due date | H5: Evidence / Work product
A6: SYS.5.01 | B6: System qualification test strategy defined incl. regression strategy
A7: SYS.5.02 | B7: Test specification developed: test cases with inputs, expected results, pass/fail criteria
A8: SYS.5.03 | B8: Every system requirement covered by at least one test case (or justified alternative verification)
A9: SYS.5.04 | B9: Test cases selected per strategy; test environment and configuration documented
A10: SYS.5.05 | B10: Integrated system tested; results recorded with software/hardware versions
A11: SYS.5.06 | B11: Bidirectional traceability: system requirements <-> test cases <-> test results
A12: SYS.5.07 | B12: Consistency between system requirements and test specification verified
A13: SYS.5.08 | B13: Failed tests, deviations, and waivers documented and tracked to resolution
A14: SYS.5.09 | B14: Results summarized and communicated to affected parties

Sheet SWE.1
A1: SWE.1 Software Requirements Analysis
A2: Reviewer: | D2: Date:
A5: ID | B5: Check | C5: Result | D5: Severity | E5: Comment / Finding | F5: Owner | G5: Due date | H5: Evidence / Work product
A6: SWE.1.01 | B6: Software requirements specified from system requirements and system architecture (functional and non-functional)
A7: SWE.1.02 | B7: Requirements structured and each is atomic, unambiguous, and uniquely identified
A8: SWE.1.03 | B8: Requirements analyzed for correctness, technical feasibility, and verifiability
A9: SWE.1.04 | B9: Impact on operating environment (HW, other software, users) analyzed
A10: SWE.1.05 | B10: Requirements prioritized and categorized (incl. safety and cybersecurity relevance)
A11: SWE.1.06 | B11: Requirements evaluated and updated when system requirements or constraints change
A12: SWE.1.07 | B12: Bidirectional traceability: system requirements and architecture <-> software requirements
A13: SWE.1.08 | B13: Consistency between software requirements and system requirements/architecture verified
A14: SWE.1.09 | B14: Agreed software requirements communicated to all affected parties
A15: SWE.1.10 | B15: Verification criteria derivable for each requirement (feeds SWE.6)

Sheet SWE.2
A1: SWE.2 Software Architectural Design
A2: Reviewer: | D2: Date:
A5: ID | B5: Check | C5: Result | D5: Severity | E5: Comment / Finding | F5: Owner | G5: Due date | H5: Evidence / Work product
A6: SWE.2.01 | B6: Software architecture defined: components, hierarchy, and responsibilities documented
A7: SWE.2.02 | B7: All software requirements allocated to software components
A8: SWE.2.03 | B8: Interfaces of software components defined (data, calls, timing, ranges)
A9: SWE.2.04 | B9: Dynamic behavior described (tasks, scheduling, interrupts, state handling, initialization/shutdown)
A10: SWE.2.05 | B10: Resource consumption objectives defined (ROM, RAM, runtime/CPU, stack, NVM)
A11: SWE.2.06 | B11: Alternative architectures evaluated; design decisions and rationale documented
A12: SWE.2.07 | B12: Architecture covers design principles (modularity, encapsulation, reuse, freedom from interference where needed)
A13: SWE.2.08 | B13: Bidirectional traceability: software requirements <-> software architecture
A14: SWE.2.09 | B14: Consistency between software architecture and requirements verified
A15: SWE.2.10 | B15: Architecture communicated to all affected parties

Sheet SWE.3
A1: SWE.3 Software Detailed Design and Unit Construction
A2: Reviewer: | D2: Date:
A5: ID | B5: Check | C5: Result | D5: Severity | E5: Comment / Finding | F5: Owner | G5: Due date | H5: Evidence / Work product
A6: SWE.3.01 | B6: Detailed design developed for each software component, down to units
A7: SWE.3.02 | B7: Interfaces of software units defined (parameters, types, ranges, return/error handling)
A8: SWE.3.03 | B8: Dynamic behavior of units described where relevant (algorithms, state machines, sequences)
A9: SWE.3.04 | B9: Detailed design evaluated for interoperability, interfaces, and compliance with architecture
A10: SWE.3.05 | B10: Software units implemented according to detailed design and coding guidelines
A11: SWE.3.06 | B11: Coding guidelines (e.g. MISRA) defined, applied, and deviations justified
A12: SWE.3.07 | B12: Bidirectional traceability: architecture <-> detailed design <-> source code units
A13: SWE.3.08 | B13: Consistency between detailed design and architecture verified
A14: SWE.3.09 | B14: Detailed design and units communicated to all affected parties

Sheet SWE.4
A1: SWE.4 Software Unit Verification
A2: Reviewer: | D2: Date:
A5: ID | B5: Check | C5: Result | D5: Severity | E5: Comment / Finding | F5: Owner | G5: Due date | H5: Evidence / Work product
A6: SWE.4.01 | B6: Unit verification strategy defined incl. regression strategy
A7: SWE.4.02 | B7: Unit verification criteria defined (test cases, static analysis rules, coverage targets)
A8: SWE.4.03 | B8: Static verification performed (e.g. static analysis, code review) and results recorded
A9: SWE.4.04 | B9: Unit tests specified and performed; coverage measured against agreed criteria
A10: SWE.4.05 | B10: Coverage gaps justified or closed; test environment and tool qualification documented
A11: SWE.4.06 | B11: Bidirectional traceability: detailed design <-> unit tests and verification results
A12: SWE.4.07 | B12: Consistency between detailed design and unit verification specification verified
A13: SWE.4.08 | B13: Results summarized and communicated; failures raised as problems (SUP.9)

Sheet SWE.5
A1: SWE.5 Software Integration and Integration Test
A2: Reviewer: | D2: Date:
A5: ID | B5: Check | C5: Result | D5: Severity | E5: Comment / Finding | F5: Owner | G5: Due date | H5: Evidence / Work product
A6: SWE.5.01 | B6: Software integration strategy defined (integration sequence, build and dependency handling)
A7: SWE.5.02 | B7: Integration test strategy defined incl. regression strategy and test-case selection
A8: SWE.5.03 | B8: Integration test specification developed: cases cover architecture interfaces and dynamic behavior
A9: SWE.5.04 | B9: Software units/components integrated per strategy; integrated builds reproducible
A10: SWE.5.05 | B10: Test cases selected per strategy; test environment documented
A11: SWE.5.06 | B11: Integration tests performed and results recorded
A12: SWE.5.07 | B12: Bidirectional traceability: architecture <-> integration test cases <-> results
A13: SWE.5.08 | B13: Consistency between architecture and integration test specification verified
A14: SWE.5.09 | B14: Results summarized and communicated; failures raised as problems (SUP.9)

Sheet SWE.6
A1: SWE.6 Software Qualification Test
A2: Reviewer: | D2: Date:
A5: ID | B5: Check | C5: Result | D5: Severity | E5: Comment / Finding | F5: Owner | G5: Due date | H5: Evidence / Work product
A6: SWE.6.01 | B6: Software qualification test strategy defined incl. regression strategy
A7: SWE.6.02 | B7: Test specification developed: cases with inputs, expected results, pass/fail criteria
A8: SWE.6.03 | B8: Every software requirement covered by at least one test case
A9: SWE.6.04 | B9: Test cases selected per strategy; test environment and software version documented
A10: SWE.6.05 | B10: Integrated software tested against software requirements; results recorded
A11: SWE.6.06 | B11: Bidirectional traceability: software requirements <-> test cases <-> results
A12: SWE.6.07 | B12: Consistency between software requirements and qualification test specification verified
A13: SWE.6.08 | B13: Failed tests and deviations tracked to resolution
A14: SWE.6.09 | B14: Results summarized and communicated to affected parties

Sheet SUP.1
A1: SUP.1 Quality Assurance
A2: Reviewer: | D2: Date:
A5: ID | B5: Check | C5: Result | D5: Severity | E5: Comment / Finding | F5: Owner | G5: Due date | H5: Evidence / Work product
A6: SUP.1.01 | B6: QA strategy developed, implemented, and kept independent of the project work
A7: SUP.1.02 | B7: QA plan covers work products and process activities to be assured
A8: SUP.1.03 | B8: Work products assured against defined criteria; evidence documented
A9: SUP.1.04 | B9: Process activities assured against plans and defined processes; evidence documented
A10: SUP.1.05 | B10: QA results summarized and communicated to affected parties
A11: SUP.1.06 | B11: Non-conformances recorded, tracked, and resolved (incl. owner and due date)
A12: SUP.1.07 | B12: Escalation mechanism implemented and used for unresolved non-conformances
A13: SUP.1.08 | B13: QA has direct access to higher management where required

Sheet SUP.8
A1: SUP.8 Configuration Management
A2: Reviewer: | D2: Date:
A5: ID | B5: Check | C5: Result | D5: Severity | E5: Comment / Finding | F5: Owner | G5: Due date | H5: Evidence / Work product
A6: SUP.8.01 | B6: CM strategy developed (scope, tools, responsibilities, naming)
A7: SUP.8.02 | B7: Configuration items identified with unique identification and ownership
A8: SUP.8.03 | B8: Branch management strategy defined and applied
A9: SUP.8.04 | B9: Baselines established for releases and key milestones; contents reproducible
A10: SUP.8.05 | B10: CM status reported; changes to configuration items traceable
A11: SUP.8.06 | B11: Information about configuration items verified (completeness, consistency)
A12: SUP.8.07 | B12: Storage and backup of configuration items and baselines managed and access-controlled
A13: SUP.8.08 | B13: Release and delivery packages identifiable and reproducible

Sheet SUP.9
A1: SUP.9 Problem Resolution Management
A2: Reviewer: | D2: Date:
A5: ID | B5: Check | C5: Result | D5: Severity | E5: Comment / Finding | F5: Owner | G5: Due date | H5: Evidence / Work product
A6: SUP.9.01 | B6: Problem resolution strategy developed (classification, severity, workflow)
A7: SUP.9.02 | B7: Problems identified and recorded with unique ID and sufficient information
A8: SUP.9.03 | B8: Problem status recorded and kept current
A9: SUP.9.04 | B9: Cause diagnosed and impact determined (affected products, items, and customers)
A10: SUP.9.05 | B10: Urgent resolution actions authorized where necessary
A11: SUP.9.06 | B11: Alert notifications raised to affected parties
A12: SUP.9.07 | B12: Change requests initiated for problems requiring changes (SUP.10)
A13: SUP.9.08 | B13: Problems tracked to closure with verified resolution
A14: SUP.9.09 | B14: Problem trends analyzed and used for improvement

Sheet SUP.10
A1: SUP.10 Change Request Management
A2: Reviewer: | D2: Date:
A5: ID | B5: Check | C5: Result | D5: Severity | E5: Comment / Finding | F5: Owner | G5: Due date | H5: Evidence / Work product
A6: SUP.10.01 | B6: Change request management strategy developed (workflow, roles, tooling)
A7: SUP.10.02 | B7: Change requests identified and recorded with unique ID and status
A8: SUP.10.03 | B8: Change requests analyzed and assessed (impact on work products, effort, risk)
A9: SUP.10.04 | B9: Approval obtained before implementation; priority and release assigned
A10: SUP.10.05 | B10: Implementation of the change reviewed and verified
A11: SUP.10.06 | B11: Change requests tracked to closure; status communicated
A12: SUP.10.07 | B12: Bidirectional traceability: change requests <-> affected work products and releases

Sheet MAN.3
A1: MAN.3 Project Management
A2: Reviewer: | D2: Date:
A5: ID | B5: Check | C5: Result | D5: Severity | E5: Comment / Finding | F5: Owner | G5: Due date | H5: Evidence / Work product
A6: MAN.3.01 | B6: Scope of work defined (deliverables, constraints, assumptions)
A7: MAN.3.02 | B7: Project life cycle and approach defined and consistent with the scope
A8: MAN.3.03 | B8: Feasibility of the project evaluated against resources, time, and technology
A9: MAN.3.04 | B9: Effort and resource estimates defined, monitored, and adjusted
A10: MAN.3.05 | B10: Required skills, knowledge, and experience identified and ensured
A11: MAN.3.06 | B11: Project interfaces (customer, suppliers, other teams) identified and monitored
A12: MAN.3.07 | B12: Project schedule established with milestones, dependencies, and critical path
A13: MAN.3.08 | B13: Plans are consistent with each other (scope, schedule, estimates, resources)
A14: MAN.3.09 | B14: Progress reviewed regularly; status reported to affected parties
A15: MAN.3.10 | B15: Risks identified, analyzed, and monitored; mitigation actions tracked
A16: MAN.3.11 | B16: Corrective actions defined and tracked to closure when deviations occur

Sheet ACQ.4
A1: ACQ.4 Supplier Monitoring
A2: Reviewer: | D2: Date:
A5: ID | B5: Check | C5: Result | D5: Severity | E5: Comment / Finding | F5: Owner | G5: Due date | H5: Evidence / Work product
A6: ACQ.4.01 | B6: Joint processes, interfaces, and communication with the supplier agreed and documented
A7: ACQ.4.02 | B7: All relevant information exchanged with the supplier as agreed
A8: ACQ.4.03 | B8: Technical development reviewed with the supplier (milestones, work products)
A9: ACQ.4.04 | B9: Progress of the supplier reviewed against the agreed plan
A10: ACQ.4.05 | B10: Deviations identified; corrective actions agreed and tracked to closure
A11: ACQ.4.06 | B11: Supplier deliverables checked against agreed acceptance criteria
A12: ACQ.4.07 | B12: Supplier-relevant cybersecurity and safety responsibilities defined and monitored (e.g. CIAs, DIAs)

Sheet GP2
A1: Generic Practices CL2 (apply per process)
A2: Reviewer: | D2: Date:
A5: ID | B5: Check | C5: Result | D5: Severity | E5: Comment / Finding | F5: Owner | G5: Due date | H5: Evidence / Work product
A6: GP2.1.1 | B6: Identify the objectives for the performance of the process (performance, work product requirements, time and resource constraints)
A7: GP2.1.2 | B7: Plan the performance of the process to fulfill the identified objectives
A8: GP2.1.3 | B8: Monitor the performance of the process against the plan
A9: GP2.1.4 | B9: Adjust the performance of the process when deviations occur
A10: GP2.1.5 | B10: Define responsibilities and authorities for performing the process
A11: GP2.1.6 | B11: Identify, prepare, and make available resources, information, and infrastructure
A12: GP2.1.7 | B12: Manage the interfaces between involved parties
A13: GP2.2.1 | B13: Define the requirements for the work products (content, structure, quality criteria)
A14: GP2.2.2 | B14: Define the requirements for documentation and control of the work products (identification, versioning, approval)
A15: GP2.2.3 | B15: Identify, document, and control the work products
A16: GP2.2.4 | B16: Review and adjust work products to meet the defined requirements
